Date,cad,oil
2018-05-01,1.2901,13.61
2018-04-30,1.2819,13.8
2018-04-27,1.2863,13.73
2018-04-26,1.2874,13.77
2018-04-25,1.2876,13.72
2018-04-24,1.2826,13.68
2018-04-23,1.2829,13.92
2018-04-20,1.2721,13.75
2018-04-19,1.261,13.77
2018-04-18,1.2595,13.88
2018-04-17,1.2569,13.41
2018-04-16,1.2574,13.38
2018-04-13,1.2608,13.55
2018-04-12,1.2608,13.52
2018-04-11,1.2573,13.45
2018-04-10,1.2624,13.25
2018-04-09,1.2728,12.77
2018-04-06,1.2775,12.51
2018-04-05,1.2793,12.83
2018-04-04,1.2823,12.82
2018-04-03,1.2804,12.81
2018-03-29,1.2893,13.09
2018-03-28,1.2888,13.04
2018-03-27,1.2878,13.08
2018-03-26,1.2912,13.21
2018-03-23,1.2872,13.28
2018-03-22,1.2932,12.95
2018-03-21,1.2955,13.18
2018-03-20,1.3088,12.81
2018-03-19,1.3092,12.55
2018-03-16,1.3097,12.55
2018-03-15,1.3058,12.34
2018-03-14,1.2948,12.28
2018-03-13,1.2928,12.24
2018-03-12,1.2836,12.37
2018-03-09,1.2841,12.47
2018-03-08,1.2943,12.15
2018-03-07,1.2969,12.35
2018-03-06,1.29,12.57
2018-03-05,1.2971,12.59
2018-03-02,1.2887,12.37
2018-03-01,1.2845,12.35
2018-02-28,1.2813,12.37
2018-02-27,1.2754,12.65
2018-02-26,1.2706,12.86
2018-02-23,1.2676,12.77
2018-02-22,1.2702,12.59
2018-02-21,1.2664,12.29
2018-02-20,1.2616,12.39
2018-02-16,1.2542,12.38
2018-02-15,1.2525,12.33
2018-02-14,1.2558,12.18
2018-02-13,1.2599,11.87
2018-02-12,1.2614,11.89
2018-02-09,1.2616,11.86
2018-02-08,1.2598,12.09
2018-02-07,1.2541,12.37
2018-02-06,1.2532,12.7
2018-02-05,1.2469,12.77
2018-02-02,1.2391,13.04
2018-02-01,1.2284,13.24
2018-01-31,1.2269,12.98
2018-01-30,1.2327,12.9
2018-01-29,1.2333,13.11
2018-01-26,1.2327,13.24
2018-01-25,1.2287,13.06
2018-01-24,1.2348,13.22
2018-01-23,1.2434,12.97
2018-01-22,1.2445,12.78
2018-01-19,1.245,12.72
2018-01-18,1.2465,12.76
2018-01-17,1.2458,12.78
2018-01-16,1.2408,12.76
2018-01-12,1.2511,12.87
2018-01-11,1.2535,12.7
2018-01-10,1.2482,12.68
2018-01-09,1.2461,12.57
2018-01-08,1.2422,12.38
2018-01-05,1.2395,12.31
2018-01-04,1.2528,12.37
2018-01-03,1.2536,12.34
2018-01-02,1.2503,12.07
2017-12-29,1.2535,12.01
2017-12-28,1.2592,11.97
2017-12-27,1.2664,11.92
2017-12-22,1.2723,11.66
2017-12-21,1.2729,11.64
2017-12-20,1.2852,11.61
2017-12-19,1.2896,11.51
2017-12-18,1.2852,11.44
2017-12-15,1.2827,11.46
2017-12-14,1.284,11.43
2017-12-13,1.2851,11.33
2017-12-12,1.2876,11.44
2017-12-11,1.2853,11.6
2017-12-08,1.2861,11.49
2017-12-07,1.284,11.33
2017-12-06,1.2766,11.2
2017-12-05,1.2685,11.54
2017-12-04,1.2711,11.49
2017-12-01,1.2735,11.67
2017-11-30,1.2884,11.47
2017-11-29,1.2847,11.47
2017-11-28,1.2812,11.58
2017-11-27,1.2722,11.59
2017-11-24,1.2698,11.79
2017-11-22,1.2725,11.6
2017-11-21,1.2764,11.4
2017-11-20,1.28,11.28
2017-11-17,1.2813,11.35
2017-11-16,1.2735,11.07
2017-11-15,1.2774,11.09
2017-11-14,1.2765,11.13
2017-11-13,1.2721,11.38
2017-11-10,1.2677,11.42
2017-11-09,1.2699,11.46
2017-11-08,1.2741,11.41
2017-11-07,1.2798,11.49
2017-11-06,1.2765,11.51
2017-11-03,1.277,11.18
2017-11-02,1.2809,10.99
2017-11-01,1.2891,10.9
2017-10-31,1.2896,10.93
2017-10-30,1.2834,10.87
2017-10-27,1.2889,10.84
2017-10-26,1.2827,10.57
2017-10-25,1.2788,10.48
2017-10-24,1.2672,10.54
2017-10-23,1.2645,10.42
2017-10-20,1.2606,10.43
2017-10-19,1.2462,10.35
2017-10-18,1.2476,10.48
2017-10-17,1.2574,10.49
2017-10-16,1.254,10.46
2017-10-13,1.248,10.37
2017-10-12,1.2473,10.23
2017-10-11,1.2516,10.36
2017-10-10,1.2494,10.28
2017-10-09,1.2552,10.0
2017-10-06,1.2539,9.97
2017-10-05,1.2528,10.25
2017-10-04,1.2476,10.08
2017-10-03,1.2507,10.18
2017-10-02,1.2499,10.21
2017-09-29,1.2502,10.43
2017-09-28,1.2466,10.43
2017-09-27,1.2371,10.52
2017-09-26,1.239,10.49
2017-09-25,1.2344,10.55
2017-09-22,1.23,10.24
2017-09-21,1.2344,10.25
2017-09-20,1.2251,10.24
2017-09-19,1.2288,10.11
2017-09-18,1.2216,10.17
2017-09-15,1.2172,10.2
2017-09-14,1.2195,10.13
2017-09-13,1.2194,10.07
2017-09-12,1.2144,9.87
2017-09-11,1.2141,9.82
2017-09-08,1.2152,9.73
2017-09-07,1.2149,10.03
2017-09-06,1.2231,10.04
2017-09-05,1.2343,9.92
2017-09-01,1.2381,9.67
2017-08-31,1.254,9.63
2017-08-30,1.2617,9.38
2017-08-29,1.2506,9.46
2017-08-25,1.2497,9.75
2017-08-24,1.2522,9.71
2017-08-23,1.2564,9.88
2017-08-22,1.254,9.77
2017-08-21,1.2587,9.71
2017-08-18,1.26,9.97
2017-08-17,1.2649,9.62
2017-08-16,1.2702,9.57
2017-08-15,1.2758,9.75
2017-08-14,1.2685,9.72
2017-08-11,1.2685,9.99
2017-08-10,1.2704,9.91
2017-08-09,1.2709,10.15
2017-08-08,1.2684,10.06
2017-08-07,1.2688,10.1
2017-08-04,1.2653,10.13
2017-08-03,1.2555,10.02
2017-08-02,1.2577,10.14
2017-08-01,1.2487,10.09
2017-07-31,1.2508,10.28
2017-07-28,1.2422,10.17
2017-07-27,1.2511,10.06
2017-07-26,1.2534,9.96
2017-07-25,1.253,9.81
2017-07-24,1.2509,9.5
2017-07-21,1.2527,9.34
2017-07-20,1.255,9.61
2017-07-19,1.2597,9.69
2017-07-18,1.2634,9.54
2017-07-17,1.2648,9.45
2017-07-14,1.2675,9.59
2017-07-13,1.2747,9.47
2017-07-12,1.2824,9.33
2017-07-11,1.2921,9.27
2017-07-10,1.2876,9.13
2017-07-07,1.2891,9.1
2017-07-06,1.2943,9.31
2017-07-05,1.3003,9.25
2017-07-03,1.2994,9.62
2017-06-30,1.2987,9.5
2017-06-29,1.2990000000000002,9.21
2017-06-28,1.3063,9.2
2017-06-27,1.3186,9.1
2017-06-26,1.3239,8.93
2017-06-23,1.3258,8.86
2017-06-22,1.3227,8.78
2017-06-21,1.3284,8.71
2017-06-20,1.3276,8.95
2017-06-19,1.3207,9.12
2017-06-16,1.3242,9.24
2017-06-15,1.3297,9.18
2017-06-14,1.3206,9.23
2017-06-13,1.3225,9.6
2017-06-12,1.3441,9.52
2017-06-09,1.3432,9.49
2017-06-08,1.3503,9.43
2017-06-07,1.3498,9.46
2017-06-06,1.3467,9.97
2017-06-05,1.349,9.8
2017-06-02,1.3513,9.86
2017-06-01,1.3484,9.91
2017-05-31,1.3505,9.96
2017-05-30,1.3468,10.24
2017-05-26,1.345,10.28
2017-05-25,1.3442,10.04
2017-05-24,1.3444,10.6
2017-05-23,1.3485,10.64
2017-05-22,1.3489,10.54
2017-05-19,1.3544,10.48
2017-05-18,1.359,10.26
2017-05-17,1.3599,10.19
2017-05-16,1.3607,10.11
2017-05-15,1.3654,10.17
2017-05-12,1.3724,9.95
2017-05-11,1.3685,9.94
2017-05-10,1.3657,9.86
2017-05-09,1.3703,9.57
2017-05-08,1.3707,9.67
2017-05-05,1.3691,9.66
2017-05-04,1.3718,9.46
2017-05-03,1.3709,9.93
2017-05-02,1.3736,9.92
2017-04-28,1.3672,10.24
2017-04-27,1.3647,10.24
2017-04-26,1.3559,10.26
2017-04-25,1.3601,10.36
2017-04-24,1.3491,10.25
2017-04-21,1.3516,10.32
2017-04-20,1.3499,10.54
2017-04-19,1.3441,10.62
2017-04-18,1.337,11.04
2017-04-13,1.3268,11.13
2017-04-12,1.3269,11.11
2017-04-11,1.3347,11.17
2017-04-10,1.3362,11.14
2017-04-07,1.3389,10.96
2017-04-06,1.3413,10.86
2017-04-05,1.3414,10.68
2017-04-04,1.3430000000000002,10.71
2017-04-03,1.339,10.55
2017-03-31,1.3339,10.64
2017-03-30,1.3291,10.57
2017-03-29,1.3382,10.37
2017-03-28,1.3384,10.15
2017-03-27,1.3382,10.04
2017-03-24,1.3374,10.09
2017-03-23,1.3332,10.01
2017-03-22,1.3346,10.12
2017-03-21,1.3322,10.11
2017-03-20,1.3358,10.27
2017-03-17,1.3368,10.33
2017-03-16,1.3317,10.36
2017-03-15,1.3451,10.38
2017-03-14,1.3464,10.19
2017-03-13,1.3454,10.28
2017-03-10,1.3469,10.29
2017-03-09,1.3521,10.53
2017-03-08,1.3463,10.67
2017-03-07,1.3407,11.27
2017-03-06,1.3395,11.28
2017-03-03,1.3414,11.29
2017-03-02,1.3373,11.17
2017-03-01,1.3352,11.4
2017-02-28,1.3245,11.45
2017-02-27,1.3101,11.47
2017-02-24,1.31,11.46
2017-02-23,1.3096,11.53
2017-02-22,1.3194,11.36
2017-02-21,1.3137,11.54
2017-02-17,1.3112,11.39
2017-02-16,1.306,11.41
2017-02-15,1.3088,11.36
2017-02-14,1.3101,11.38
2017-02-13,1.3086,11.32
2017-02-10,1.3076,11.5
2017-02-09,1.3129,11.35
2017-02-08,1.3144,11.23
2017-02-07,1.3155,11.19
2017-02-06,1.3121,11.38
2017-02-03,1.3001,11.54
2017-02-02,1.3011,11.51
2017-02-01,1.3078,11.48
2017-01-31,1.3036,11.32
2017-01-30,1.3090000000000002,11.28
2017-01-27,1.3125,11.4
2017-01-26,1.3104,11.53
2017-01-25,1.3095,11.31
2017-01-24,1.3164,11.37
2017-01-23,1.3299,11.32
2017-01-20,1.3331,11.39
2017-01-19,1.3328,11.17
2017-01-18,1.3092,11.16
2017-01-17,1.3062,11.43
2017-01-13,1.3125,11.41
2017-01-12,1.3141,11.54
2017-01-11,1.3257,11.37
2017-01-10,1.3206,11.07
2017-01-09,1.3215,11.31
2017-01-06,1.3207,11.68
2017-01-05,1.3203,11.7
2017-01-04,1.3289,11.58
2017-01-03,1.3417,11.44
2016-12-30,1.3473,11.72
2016-12-29,1.3486,11.72
2016-12-28,1.3573,11.75
2016-12-23,1.3501,11.56
2016-12-22,1.3474,11.46
2016-12-21,1.3399,11.44
2016-12-20,1.3392,11.62
2016-12-19,1.3394,11.5
2016-12-16,1.3367,11.55
2016-12-15,1.3397,11.36
2016-12-14,1.31,11.32
2016-12-13,1.3122,11.73
2016-12-12,1.3131,11.62
2016-12-09,1.3163,11.44
2016-12-08,1.3224,11.31
2016-12-07,1.3245,11.09
2016-12-06,1.3289,11.29
2016-12-05,1.3259,11.35
2016-12-02,1.3302,11.48
2016-12-01,1.3331,11.33
2016-11-30,1.3448,10.93
2016-11-29,1.3447,10.06
2016-11-28,1.3423,10.44
2016-11-25,1.3514,10.33
2016-11-23,1.3495,10.67
2016-11-22,1.342,10.63
2016-11-21,1.3399,10.77
2016-11-18,1.3518,10.32
2016-11-17,1.3415,10.13
2016-11-16,1.3426,10.23
2016-11-15,1.3472,10.34
2016-11-14,1.3578,9.87
2016-11-11,1.3524,9.77
2016-11-10,1.3497,10.04
2016-11-09,1.3446,10.28
2016-11-08,1.3338,10.1
2016-11-07,1.34,10.16
2016-11-04,1.3415,9.98
2016-11-03,1.3385,10.08
2016-11-02,1.3387,10.28
2016-11-01,1.338,10.57
2016-10-31,1.3403,10.53
2016-10-28,1.337,11.01
2016-10-27,1.3387,11.21
2016-10-26,1.3331,11.09
2016-10-25,1.3353,11.24
2016-10-24,1.3355,11.43
2016-10-21,1.3335,11.48
2016-10-20,1.3213,11.43
2016-10-19,1.3014,11.66
2016-10-18,1.3137,11.45
2016-10-17,1.315,11.37
2016-10-14,1.3151,11.44
2016-10-13,1.3237,11.49
2016-10-12,1.3276,11.43
2016-10-11,1.3219999999999998,11.58
2016-10-10,1.315,11.67
2016-10-07,1.3254,11.33
2016-10-06,1.3234,11.51
2016-10-05,1.3191,11.35
2016-10-04,1.3164,11.09
2016-10-03,1.3131,11.1
2016-09-30,1.3142,10.93
2016-09-29,1.31,10.87
2016-09-28,1.3259,10.65
2016-09-27,1.3259,10.15
2016-09-26,1.3167,10.43
2016-09-23,1.3128,10.19
2016-09-22,1.3026,10.53
2016-09-21,1.3209,10.4
2016-09-20,1.3225,10.07
2016-09-19,1.3193,9.98
2016-09-16,1.3221,10.0
2016-09-15,1.3142,10.14
2016-09-14,1.3196,10.09
2016-09-13,1.3158,10.37
2016-09-12,1.3081,10.64
2016-09-09,1.3014,10.59
2016-09-08,1.2893,10.96
2016-09-07,1.2903,10.52
2016-09-06,1.2842,10.39
2016-09-02,1.3019,10.24
2016-09-01,1.3091,10.06
2016-08-31,1.3121,10.36
2016-08-30,1.3084,10.73
2016-08-26,1.2886,10.95
2016-08-25,1.2932,10.95
2016-08-24,1.2945,10.82
2016-08-23,1.2862,11.09
2016-08-22,1.2919,10.97
2016-08-19,1.2875,11.34
2016-08-18,1.2779,11.3
2016-08-17,1.2862,10.99
2016-08-16,1.2884,10.92
2016-08-15,1.2911,10.76
2016-08-12,1.2944,10.5
2016-08-11,1.3022,10.21
2016-08-10,1.3048,9.77
2016-08-09,1.3118,10.07
2016-08-08,1.3169,10.1
2016-08-05,1.3179,9.86
2016-08-04,1.3039,9.84
2016-08-03,1.3094,9.69
2016-08-02,1.3066,9.33
2016-08-01,1.31,9.41
2016-07-29,1.3041,9.76
2016-07-28,1.3191,9.67
2016-07-27,1.3221,9.9
2016-07-26,1.3215,10.08
2016-07-25,1.3229,10.13
2016-07-22,1.3168,10.42
2016-07-21,1.3033,10.49
2016-07-20,1.3030000000000002,10.73
2016-07-19,1.3025,10.7
2016-07-18,1.3003,10.82
2016-07-15,1.2937,10.99
2016-07-14,1.2924,10.87
2016-07-13,1.2984,10.75
2016-07-12,1.3035,11.19
2016-07-11,1.3095,10.65
2016-07-08,1.3087,10.83
2016-07-07,1.2935,10.82
2016-07-06,1.3032,11.33
2016-07-05,1.2953,11.18
2016-07-01,1.2895,11.78
2016-06-30,1.2991,11.57
2016-06-29,1.2993,11.79
2016-06-28,1.3082,11.47
2016-06-27,1.3103,11.19
2016-06-24,1.2908,11.4
2016-06-23,1.276,11.98
2016-06-22,1.2818,11.74
2016-06-21,1.2817,11.89
2016-06-20,1.2796,11.91
2016-06-17,1.2873,11.66
2016-06-16,1.3034,11.14
2016-06-15,1.2908,11.47
2016-06-14,1.2854,11.73
2016-06-13,1.2759,11.76
2016-06-10,1.2733,11.87
2016-06-09,1.2724,12.25
2016-06-08,1.2686,12.43
2016-06-07,1.2798,12.22
2016-06-06,1.2841,12.04
2016-06-03,1.2959,11.82
2016-06-02,1.3115,11.86
2016-06-01,1.3091,11.93
2016-05-31,1.3077,11.87
2016-05-27,1.3033,11.98
2016-05-26,1.2982,11.95
2016-05-25,1.3085,12.03
2016-05-24,1.3097,11.82
2016-05-23,1.3157,11.66
2016-05-20,1.3127,11.75
2016-05-19,1.3144,11.79
2016-05-18,1.294,11.7
2016-05-17,1.2903,11.92
2016-05-16,1.2898,11.76
2016-05-13,1.2937,11.37
2016-05-12,1.2812,11.45
2016-05-11,1.2852,11.34
2016-05-10,1.2947,10.99
2016-05-09,1.2975,10.68
2016-05-06,1.2923,10.96
2016-05-05,1.2857,10.9
2016-05-04,1.2862,10.79
2016-05-03,1.2694,10.74
2016-04-29,1.2525,11.3
2016-04-28,1.2542,11.22
2016-04-27,1.265,11.14
2016-04-26,1.262,10.81
2016-04-25,1.2664,10.55
2016-04-22,1.2647,10.76
2016-04-21,1.271,10.72
2016-04-20,1.2661,10.76
2016-04-19,1.2649,10.44
2016-04-18,1.2844,10.17
2016-04-15,1.2877,10.25
2016-04-14,1.2839,10.48
2016-04-13,1.2777,10.51
2016-04-12,1.2849,10.64
2016-04-11,1.2918,10.28
2016-04-08,1.2974,10.03
2016-04-07,1.3161,9.51
2016-04-06,1.3148,9.6
2016-04-05,1.3181,9.13
2016-04-04,1.3054,9.08
2016-04-01,1.3093,9.33
2016-03-31,1.2932,9.7
2016-03-30,1.294,9.73
2016-03-29,1.3163,9.8
2016-03-24,1.3272,10.06
2016-03-23,1.3203,10.11
2016-03-22,1.3053,10.54
2016-03-21,1.3067,10.59
2016-03-18,1.2984,10.48
2016-03-17,1.2982,10.55
2016-03-16,1.3364,10.18
2016-03-15,1.3358,9.7
2016-03-14,1.3293,9.88
2016-03-11,1.3242,10.19
2016-03-10,1.3329,10.04
2016-03-09,1.3301,10.15
2016-03-08,1.3409,9.65
2016-03-07,1.3296,10.11
2016-03-04,1.3362,9.65
2016-03-03,1.3379,9.25
2016-03-02,1.3445,9.3
2016-03-01,1.3444,9.15
2016-02-29,1.3555,9.0
2016-02-26,1.3539,8.78
2016-02-25,1.3598,8.8
2016-02-24,1.3778,8.59
2016-02-23,1.3801,8.48
2016-02-22,1.3687,8.91
2016-02-19,1.3838,8.55
2016-02-18,1.3683,8.66
2016-02-17,1.3693,8.78
2016-02-16,1.3893,8.31
2016-02-12,1.3902,8.33
2016-02-11,1.3981,7.99
2016-02-10,1.3922,7.96
2016-02-09,1.3822,8.18
2016-02-08,1.3969,8.64
2016-02-05,1.385,8.91
2016-02-04,1.3687,9.12
2016-02-03,1.3842,9.34
2016-02-02,1.4071,8.57
2016-02-01,1.4007,9.02
2016-01-29,1.4075,9.65
2016-01-28,1.4088,9.7
2016-01-27,1.4091,9.18
2016-01-26,1.4094,8.97
2016-01-25,1.4236,8.54
2016-01-22,1.4133,9.27
2016-01-21,1.4336,8.56
2016-01-20,1.4647,8.24
2016-01-19,1.4523,8.49
2016-01-15,1.4484,8.79
2016-01-14,1.4357,9.23
2016-01-13,1.4257,9.09
2016-01-12,1.4273,9.17
2016-01-11,1.4189,9.25
2016-01-08,1.4157,9.8
2016-01-07,1.4067,9.9
2016-01-06,1.4092,10.11
2016-01-05,1.3984,10.66
2016-01-04,1.3943,10.98
2015-12-31,1.389,11.0
2015-12-30,1.3887,10.93
2015-12-29,1.3845,11.26
2015-12-24,1.3866,11.3
2015-12-23,1.3858,11.26
2015-12-22,1.3939,10.77
2015-12-21,1.398,10.66
2015-12-18,1.3894,10.66
2015-12-17,1.3942,10.74
2015-12-16,1.3828,10.99
2015-12-15,1.3756,11.4
2015-12-14,1.3748,11.16
2015-12-11,1.3705,11.07
2015-12-10,1.3591,11.37
2015-12-09,1.3556,11.56
2015-12-08,1.3556,11.68
2015-12-07,1.3485,11.72
2015-12-04,1.335,12.46
2015-12-03,1.3393,12.77
2015-12-02,1.335,12.48
2015-12-01,1.3372,12.95
2015-11-30,1.332,12.93
2015-11-27,1.3367,13.03
2015-11-25,1.3314,13.39
2015-11-24,1.3335,13.32
2015-11-23,1.336,13.02
2015-11-20,1.3334,12.93
2015-11-19,1.3269,12.96
2015-11-18,1.3341,13.05
2015-11-17,1.3321,13.01
2015-11-16,1.3369,13.39
2015-11-13,1.3345,13.06
2015-11-12,1.3305,13.35
2015-11-11,1.3271,13.76
2015-11-10,1.3268,14.09
2015-11-09,1.3276,14.08
2015-11-06,1.3294,14.23
2015-11-05,1.3164,14.48
2015-11-04,1.3138,14.85
2015-11-03,1.3112,15.28
2015-11-02,1.3090000000000002,14.75
2015-10-30,1.3084,14.81
2015-10-29,1.317,14.63
2015-10-28,1.315,14.69
2015-10-27,1.3242,13.82
2015-10-26,1.3135,14.01
2015-10-23,1.3153,14.27
2015-10-22,1.3114,14.51
2015-10-21,1.3098,14.43
2015-10-20,1.2944,14.73
2015-10-19,1.2976,14.83
2015-10-16,1.2919,15.22
2015-10-15,1.2888,15.13
2015-10-14,1.2995,15.05
2015-10-13,1.2976,15.06
2015-10-12,1.2959,15.31
2015-10-09,1.2926,15.99
2015-10-08,1.305,16.040001
2015-10-07,1.3011,15.57
2015-10-06,1.3071,15.74
2015-10-05,1.3104,15.0
2015-10-02,1.3211,14.77
2015-10-01,1.3226,14.58
2015-09-30,1.3408,14.68
2015-09-29,1.3412,14.61
2015-09-28,1.337,14.38
2015-09-25,1.3338,14.71
2015-09-24,1.3352,14.59
2015-09-23,1.3287,14.44
2015-09-22,1.3289,14.92
2015-09-21,1.3254,15.05
2015-09-18,1.3104,14.62
2015-09-17,1.3189,15.23
2015-09-16,1.3203,15.36
2015-09-15,1.3269,14.57
2015-09-14,1.3265,14.39
2015-09-11,1.3309,14.65
2015-09-10,1.3259,14.93
2015-09-09,1.3188,14.52
2015-09-08,1.3245,15.02
2015-09-04,1.3262,15.08
2015-09-03,1.3164,15.34
2015-09-02,1.3308,15.09
2015-09-01,1.321,14.81
2015-08-28,1.3226,14.88
2015-08-27,1.3247,13.95
2015-08-26,1.3299,12.77
2015-08-25,1.3281,12.73
2015-08-24,1.3192,12.5
2015-08-21,1.3159,13.23
2015-08-20,1.3104,13.37
2015-08-19,1.3136,13.43
2015-08-18,1.3079,14.05
2015-08-17,1.3112,13.89
2015-08-14,1.3068,13.99
2015-08-13,1.3085,14.09
2015-08-12,1.2984,14.44
2015-08-11,1.3127,14.48
2015-08-10,1.3077,14.89
2015-08-07,1.3081,14.56
2015-08-06,1.3169,14.87
2015-08-05,1.3161,15.03
2015-08-04,1.3128,15.22
2015-08-03,1.3121,15.1
2015-07-31,1.3003,15.59
2015-07-30,1.3035,16.1
2015-07-29,1.2898,16.24
2015-07-28,1.2984,15.85
2015-07-27,1.3024,15.65
2015-07-24,1.3065,16.030001000000002
2015-07-23,1.2995,16.139999
2015-07-22,1.3026,16.34
2015-07-21,1.2932,16.91
2015-07-20,1.2971,16.690001000000002
2015-07-17,1.2977,16.99
2015-07-16,1.2929,17.049999
2015-07-15,1.2895,17.23
2015-07-14,1.2732,17.719998999999994
2015-07-13,1.2771,17.51
2015-07-10,1.2728,17.67
2015-07-09,1.2738,17.709999
2015-07-08,1.2726,17.379998999999998
2015-07-07,1.2767,17.76
2015-07-06,1.2622,17.73
2015-07-02,1.2562,18.93
2015-07-01,1.2542,19.1
2015-06-30,1.2483,19.879999
2015-06-29,1.2381,19.51
2015-06-26,1.2384,19.98
2015-06-25,1.235,19.98
2015-06-24,1.2397,20.200001
2015-06-23,1.2336,20.469999
2015-06-22,1.2278,20.16
2015-06-19,1.2281,20.02
2015-06-18,1.2197,20.360001
2015-06-17,1.2319,20.209999
2015-06-16,1.2334,20.26
2015-06-15,1.2335,20.15
2015-06-12,1.2302,20.27
2015-06-11,1.2304,20.49
2015-06-10,1.226,20.639999
2015-06-09,1.233,20.209999
2015-06-08,1.2449,19.709999
2015-06-05,1.2472,19.9
2015-06-04,1.2465,19.66
2015-06-03,1.2448,20.17
2015-06-02,1.2442,20.68
2015-06-01,1.2543,20.360001
2015-05-29,1.2476,20.309999
2015-05-28,1.2503,19.559999
2015-05-27,1.248,19.48
2015-05-26,1.2419,19.690001
2015-05-22,1.2282,20.25
2015-05-21,1.2218,20.5
2015-05-20,1.2224,19.84
2015-05-19,1.2246,19.629999
2015-05-18,1.213,20.440001
2015-05-15,1.2008,20.52
2015-05-14,1.1964,20.530001
2015-05-13,1.1979,20.610001
2015-05-12,1.1996,20.74
2015-05-11,1.2088,20.379999
2015-05-08,1.2135,20.42
2015-05-07,1.2151,20.200001
2015-05-06,1.1969,20.82
2015-05-05,1.2005,20.76
2015-05-01,1.2163,20.4
2015-04-30,1.2113,20.51
2015-04-29,1.1962,20.120001
2015-04-28,1.2031,19.6
2015-04-27,1.2097,19.52
2015-04-24,1.2173,19.67
2015-04-23,1.216,19.76
2015-04-22,1.2253,19.360001
2015-04-21,1.2272,19.450001
2015-04-20,1.2199,19.889999
2015-04-17,1.2219,19.84
2015-04-16,1.2234,19.940001
2015-04-15,1.2411,19.709999
2015-04-14,1.2464,18.82
2015-04-13,1.2599,18.5
2015-04-10,1.2583,18.41
2015-04-09,1.2606,18.030001
2015-04-08,1.2532,18.07
2015-04-07,1.248,19.059999
2015-04-02,1.2579,17.559998999999998
2015-04-01,1.2644,17.58
2015-03-31,1.2666,16.84
2015-03-30,1.2697,17.23
2015-03-27,1.2579,17.139999
2015-03-26,1.247,18.209999
2015-03-25,1.2515,17.360001
2015-03-24,1.2512,16.790001
2015-03-23,1.2516,16.780001000000002
2015-03-20,1.2595,16.43
2015-03-19,1.2744,16.08
2015-03-18,1.2772,16.76
2015-03-17,1.2771,15.96
2015-03-16,1.2764,16.35
2015-03-13,1.2804,16.799999
2015-03-12,1.2693,17.440001000000002
2015-03-11,1.2764,17.77
2015-03-10,1.2635,17.91
2015-03-09,1.2599,18.35
2015-03-06,1.2596,18.24
2015-03-05,1.2482,18.709999
2015-03-04,1.2457,19.01
2015-03-03,1.2457,18.49
2015-03-02,1.2526,18.32
2015-02-27,1.2486,18.1
2015-02-26,1.2489,18.030001
2015-02-25,1.2442,18.65
2015-02-24,1.2583,18.040001
2015-02-23,1.258,18.110001
2015-02-20,1.2512,18.65
2015-02-19,1.2515,19.1
2015-02-18,1.2433,19.26
2015-02-17,1.2427,19.790001
2015-02-13,1.2451,19.620001
2015-02-12,1.2507,19.18
2015-02-11,1.2654,18.51
2015-02-10,1.2519,18.940001
2015-02-09,1.2463,19.77
2015-02-06,1.2489,19.469999
2015-02-05,1.2423,19.030001
2015-02-04,1.257,18.280001
2015-02-03,1.2489,19.620001
2015-02-02,1.2587,18.620001
2015-01-30,1.2676,17.82
2015-01-29,1.2571,16.68
2015-01-28,1.2445,16.559998999999998
2015-01-27,1.2392,17.209999
2015-01-26,1.2435,16.870001000000002
2015-01-23,1.2402,17.0
2015-01-22,1.233,17.41
2015-01-21,1.2286,17.77
2015-01-20,1.2089,17.48
2015-01-16,1.1974,18.33
2015-01-15,1.1916,17.450001
2015-01-14,1.1959,18.27
2015-01-13,1.1931,17.620001000000006
2015-01-12,1.1932,17.41
2015-01-09,1.1854,18.280001
2015-01-08,1.1823,18.549999
2015-01-07,1.1865,18.370001
2015-01-06,1.179,18.049999
2015-01-05,1.1789,18.790001
2015-01-02,1.1713,19.889999
2014-12-31,1.158,20.360001
2014-12-30,1.1604,20.290001
2014-12-29,1.1624,20.299999
2014-12-24,1.1603,21.049999
2014-12-23,1.1611,21.559999
2014-12-22,1.164,20.92
2014-12-19,1.16,21.959999
2014-12-18,1.1604,20.74
2014-12-17,1.166,21.34
2014-12-16,1.1634,21.299999
2014-12-15,1.1624,21.059999
2014-12-12,1.1544,21.93
2014-12-11,1.153,22.68
2014-12-10,1.147,23.280001
2014-12-09,1.1423,24.200001
2014-12-08,1.1457,23.91
2014-12-05,1.1427,24.959999
2014-12-04,1.1376,25.34
2014-12-03,1.136,25.58
2014-12-02,1.1389,25.58
2014-12-01,1.1381,26.32
2014-11-28,1.1401,25.58
2014-11-26,1.1234,27.9
2014-11-25,1.1254,28.030001
2014-11-24,1.1277,28.74
2014-11-21,1.1228,29.1
2014-11-20,1.1302,28.73
2014-11-19,1.1338,28.25
2014-11-18,1.1304,28.200001
2014-11-17,1.1314,28.68
2014-11-14,1.1318,28.83
2014-11-13,1.1341,28.290001
2014-11-12,1.1303,29.139999
2014-11-11,1.134,29.42
2014-11-10,1.1322,29.34
2014-11-07,1.1351,29.76
2014-11-06,1.1413,29.6
2014-11-05,1.1387,29.950001
2014-11-04,1.1402,29.299999
2014-11-03,1.1311,29.76
2014-10-31,1.1273,30.629999
2014-10-30,1.1198,30.76
2014-10-29,1.1136,31.23
2014-10-28,1.1177,30.82
2014-10-27,1.1248,30.639999
2014-10-24,1.1226,30.879999
2014-10-23,1.1247,31.059999
2014-10-22,1.1209,30.549999
2014-10-21,1.1225,31.299999
2014-10-20,1.1272,31.139999
2014-10-17,1.1243,31.25
2014-10-16,1.1278,31.1
2014-10-15,1.1327,30.67
2014-10-14,1.1233,30.85
2014-10-13,1.1212,31.99
2014-10-10,1.1192,32.18
2014-10-09,1.1119,32.110001000000004
2014-10-08,1.1198,33.0
2014-10-07,1.1176,33.439999
2014-10-06,1.1187,34.040001000000004
2014-10-03,1.127,33.77
2014-10-02,1.1154,34.369999
2014-10-01,1.1184,34.150002
2014-09-30,1.1173,34.41
2014-09-29,1.1159,35.52
2014-09-26,1.1151,35.16
2014-09-25,1.1089,34.830002
2014-09-24,1.1088,35.0
2014-09-23,1.1046,34.439999
2014-09-22,1.1013,34.189999
2014-09-19,1.0942,34.57
2014-09-18,1.0942,34.619999
2014-09-17,1.0952,35.009998
2014-09-16,1.1027,35.25
2014-09-15,1.1066,34.560001
2014-09-12,1.1073,34.380001
2014-09-11,1.1013,34.689999
2014-09-10,1.0966,34.259998
2014-09-09,1.1003,34.619999
2014-09-08,1.0912,34.700001
2014-09-05,1.0886,34.900002
2014-09-04,1.0844,35.299999
2014-09-03,1.0889,35.549999
2014-09-02,1.0926,34.790001000000004
2014-08-29,1.0849,35.759998
2014-08-28,1.0858,35.32
2014-08-27,1.0895,35.029999
2014-08-26,1.096,35.040001000000004
2014-08-22,1.0956,34.959999
2014-08-21,1.0944,35.09
2014-08-20,1.0946,34.860001000000004
2014-08-19,1.0918,34.709999
2014-08-18,1.0885,35.060001
2014-08-15,1.0911,35.439999
2014-08-14,1.0907,35.110001000000004
2014-08-13,1.092,36.02
2014-08-12,1.094,35.99000200000001
2014-08-11,1.0945,36.220001
2014-08-08,1.0977,36.119999
2014-08-07,1.0918,36.16
2014-08-06,1.0933,35.950001
2014-08-05,1.0955,36.16
2014-08-04,1.0919,36.48
2014-08-01,1.0899,36.189999
2014-07-31,1.0887,36.32
2014-07-30,1.0909,36.919998
2014-07-29,1.084,37.389999
2014-07-28,1.0802,37.639999
2014-07-25,1.0785,37.77
2014-07-24,1.0747,37.82
2014-07-23,1.0743,38.16
2014-07-22,1.075,37.950001
2014-07-21,1.075,38.099998
2014-07-18,1.0741,37.720001
2014-07-17,1.0759999999999998,37.830002
2014-07-16,1.0759,37.310001
2014-07-15,1.0757,36.880001
2014-07-14,1.0727,37.32
2014-07-11,1.0719,37.16
2014-07-10,1.0666,37.900002
2014-07-09,1.0649,37.689999
2014-07-08,1.0669,38.18
2014-07-07,1.0667,38.169998
2014-07-03,1.0647,38.25
2014-07-02,1.0666,38.400002
2014-07-01,1.0658,38.860001
2014-06-30,1.0651,38.880001
2014-06-27,1.068,38.98
2014-06-26,1.0716,38.970001
2014-06-25,1.0726,39.290001
2014-06-24,1.0741,39.09
2014-06-23,1.0737,39.16
2014-06-20,1.0773,39.32
2014-06-19,1.0833,39.130001
2014-06-18,1.0874,39.009998
2014-06-17,1.0859,38.990002
2014-06-16,1.0851,39.169998
2014-06-13,1.087,39.119999
2014-06-12,1.0852,39.080002
2014-06-11,1.0873,38.25
2014-06-10,1.0916,38.279999
2014-06-09,1.0906,38.18
2014-06-06,1.0932,37.610001
2014-06-05,1.0955,37.549999
2014-06-04,1.0946,37.509998
2014-06-03,1.091,37.639999
2014-06-02,1.0895,37.529999
2014-05-30,1.0859,37.68
2014-05-29,1.0838,37.91
2014-05-28,1.0863,37.68
2014-05-27,1.0871,38.139999
2014-05-23,1.0881,38.18
2014-05-22,1.0905,38.009998
2014-05-21,1.0935,37.98
2014-05-20,1.0899,37.52
2014-05-19,1.0856,37.380001
2014-05-16,1.0881,37.23
2014-05-15,1.0878,37.040001
2014-05-14,1.0906,37.18
2014-05-13,1.0904,37.040001
2014-05-12,1.0897,36.59
2014-05-09,1.0905,36.400002
2014-05-08,1.0866,36.490002
2014-05-07,1.0902,36.599998
2014-05-06,1.0894,36.189999
2014-05-02,1.0969,36.290001
2014-05-01,1.0976,36.16
2014-04-30,1.0974,36.32
2014-04-29,1.0967,36.720001
2014-04-28,1.1027,36.709999
2014-04-25,1.103,36.599998
2014-04-24,1.1026,37.049999
2014-04-23,1.1042,36.91
2014-04-22,1.1038,37.0
2014-04-17,1.099,37.66
2014-04-16,1.1015,37.48
2014-04-15,1.0979,37.389999
2014-04-14,1.0959,37.380001
2014-04-11,1.0953,37.18
2014-04-10,1.0913,37.200001
2014-04-09,1.0918,37.220001
2014-04-08,1.0931,36.900002
2014-04-07,1.0978,36.279999
2014-04-04,1.0973,36.43
2014-04-03,1.1026,36.139999
2014-04-02,1.1039,35.799999
2014-04-01,1.103,35.830002
2014-03-31,1.1037,36.59
2014-03-28,1.1066,36.619999
2014-03-27,1.106,36.5
2014-03-26,1.1142,36.09
2014-03-25,1.1177,35.77
2014-03-24,1.1219,35.82
2014-03-21,1.1193,35.84
2014-03-20,1.1252,35.580002
2014-03-19,1.1178,35.709999
2014-03-18,1.1088,35.580002
2014-03-17,1.1053,35.150002
2014-03-14,1.1088,35.529999
2014-03-13,1.106,35.34
2014-03-12,1.1131,35.349998
2014-03-11,1.1087,35.810001
2014-03-10,1.1105,36.299999
2014-03-07,1.1073,36.779999
2014-03-06,1.0964,36.57
2014-03-05,1.1062,36.240002
2014-03-04,1.111,37.060001
2014-03-03,1.1081,37.52
2014-02-28,1.1069,36.740002
2014-02-27,1.1147,36.689999
2014-02-26,1.1108,36.75
2014-02-25,1.1078,36.59
2014-02-24,1.1072,36.790001
2014-02-21,1.1127,36.689999
2014-02-20,1.1069,36.880001
2014-02-19,1.1037,36.900002
2014-02-18,1.0956,36.66
2014-02-14,1.0977,35.91
2014-02-13,1.0986,35.869999
2014-02-12,1.0989,35.799999
2014-02-11,1.1044,35.639999
2014-02-10,1.1047,35.630001
2014-02-07,1.1008,35.639999
2014-02-06,1.1063,34.900002
2014-02-05,1.1101,34.709999
2014-02-04,1.1082,34.740002000000004
2014-02-03,1.1054,34.52
2014-01-31,1.115,34.799999
2014-01-30,1.1181,34.950001
2014-01-29,1.1152,34.73
2014-01-28,1.1171,34.689999
2014-01-27,1.106,34.23
2014-01-24,1.1072,34.580002
2014-01-23,1.1126,34.720001
2014-01-22,1.1051,34.560001
2014-01-21,1.0979,33.990002000000004
2014-01-17,1.0948,33.689999
2014-01-16,1.0926,33.650002
2014-01-15,1.094,33.77
2014-01-14,1.0935,33.040001000000004
2014-01-13,1.0864,32.810001
2014-01-10,1.0922,33.189999
2014-01-09,1.086,33.080002
2014-01-08,1.0798,33.16
2014-01-07,1.0746,33.580002
2014-01-06,1.0673,33.57
2014-01-03,1.0622,33.75
2014-01-02,1.0639,34.23
2013-12-31,1.0634,35.32
2013-12-30,1.0662,35.529999
2013-12-27,1.0694,35.84
2013-12-24,1.0614,35.49000200000001
2013-12-23,1.0595,35.36000100000001
2013-12-20,1.068,35.48
2013-12-19,1.0686,35.32
2013-12-18,1.0663,35.029999
2013-12-17,1.0603,34.869999
2013-12-16,1.0578,34.939999
2013-12-13,1.0612,34.639999
2013-12-12,1.0636,34.970001
2013-12-11,1.0613,34.98
2013-12-10,1.0621,35.310001
2013-12-09,1.0655,34.91
2013-12-06,1.0632,35.049999
2013-12-05,1.0647,34.93
2013-12-04,1.0691,34.880001
2013-12-03,1.0655,34.509998
2013-12-02,1.0638,33.68
2013-11-29,1.0587,33.459999
2013-11-27,1.0587,33.189999
2013-11-26,1.0541,33.689999
2013-11-25,1.056,33.82
2013-11-22,1.053,34.040001000000004
2013-11-21,1.0512,34.169998
2013-11-20,1.0446,33.630001
2013-11-19,1.0448,33.720001
2013-11-18,1.0427,33.619999
2013-11-15,1.046,33.880001
2013-11-14,1.0504,33.93
2013-11-13,1.048,33.900002
2013-11-12,1.0493,33.639999
2013-11-11,1.0472,34.259998
2013-11-08,1.0490000000000002,34.009998
2013-11-07,1.0447,33.970001
2013-11-06,1.0415,34.189999
2013-11-05,1.0447,33.669998
2013-11-04,1.0409,34.040001000000004
2013-11-01,1.0443,34.130001
2013-10-31,1.043,34.689999
2013-10-30,1.0455,34.849998
2013-10-29,1.0446,35.41
2013-10-28,1.0445,35.549999
2013-10-25,1.0445,35.32
2013-10-24,1.0432,34.990002000000004
2013-10-23,1.0389,34.950001
2013-10-22,1.0285,35.41
2013-10-21,1.0294,35.939999
2013-10-18,1.0284,36.450001
2013-10-17,1.0286,36.380001
2013-10-16,1.0349,36.919998
2013-10-15,1.0369,36.470001
2013-10-14,1.0347,36.869999
2013-10-11,1.0387,36.75
2013-10-10,1.0384,37.099998
2013-10-09,1.0398,36.549999
2013-10-08,1.0326,37.310001
2013-10-07,1.0301,37.139999
2013-10-04,1.0305,37.310001
2013-10-03,1.0314,37.139999
2013-10-02,1.034,37.419998
2013-10-01,1.0326,36.68
2013-09-30,1.0279,36.849998
2013-09-27,1.0303,36.959999
2013-09-26,1.0332,37.080002
2013-09-25,1.0297,36.880001
2013-09-24,1.03,37.220001
2013-09-23,1.0297,37.27
2013-09-20,1.029,37.77
2013-09-19,1.0224,38.080002
2013-09-18,1.0318,38.68
2013-09-17,1.0291,37.740002
2013-09-16,1.0311,38.110001
2013-09-13,1.0336,38.849998
2013-09-12,1.0317,38.869999
2013-09-11,1.0331,38.48
2013-09-10,1.0356,38.34
2013-09-09,1.0371,38.939999
2013-09-06,1.0384,39.360001
2013-09-05,1.0511,38.689999
2013-09-04,1.0486,38.34
2013-09-03,1.0541,38.759998
2013-08-30,1.0547,38.48
2013-08-29,1.0514,38.580002
2013-08-28,1.0486,39.080002
2013-08-27,1.0505,38.869999
2013-08-23,1.0525,37.950001
2013-08-22,1.0512,37.540001
2013-08-21,1.0446,37.169998
2013-08-20,1.0387,37.52
2013-08-19,1.0328,38.169998
2013-08-16,1.035,38.400002
2013-08-15,1.0347,38.240002
2013-08-14,1.0323,38.09
2013-08-13,1.0343,37.900002
2013-08-12,1.0303,37.759998
2013-08-09,1.0303,37.59
2013-08-08,1.0365,36.84
2013-08-07,1.0426,37.009998
2013-08-06,1.0375,37.459999
2013-08-05,1.0399,37.830002
2013-08-02,1.0368,37.939999
2013-08-01,1.033,38.27
2013-07-31,1.0281,37.360001
2013-07-30,1.0292,36.669998
2013-07-29,1.0262,37.130001
2013-07-26,1.0296,37.209999
2013-07-25,1.028,37.580002
2013-07-24,1.0288,37.400002
2013-07-23,1.0292,38.09
2013-07-22,1.0339,37.919998
2013-07-19,1.0373,38.450001
2013-07-18,1.0395,38.34
2013-07-17,1.0428,37.799999
2013-07-16,1.0396,37.48
2013-07-15,1.0409,37.669998
2013-07-12,1.039,37.560001
2013-07-11,1.0401,37.009998
2013-07-10,1.0512,37.43
2013-07-09,1.0534,36.77
2013-07-08,1.056,36.41
2013-07-05,1.0589,36.560001
2013-07-03,1.0534,35.84
2013-07-02,1.0549,35.209999
2013-07-01,1.0503,34.669998
2013-06-28,1.055,34.18
2013-06-27,1.0492,34.330002
2013-06-26,1.0472,33.799999
2013-06-25,1.0513,33.740002000000004
2013-06-24,1.0527,33.639999
2013-06-21,1.047,33.23
2013-06-20,1.0358,33.630001
2013-06-19,1.019,34.779999
2013-06-18,1.0213,34.959999
2013-06-17,1.0169,34.759998
2013-06-14,1.0171,34.740002000000004
2013-06-13,1.0166,34.330002
2013-06-12,1.0183,34.029999
2013-06-11,1.0189,33.790001000000004
2013-06-10,1.0187,34.0
2013-06-07,1.0208,34.16
2013-06-06,1.0318,33.619999
2013-06-05,1.0369,33.259998
2013-06-04,1.0345,33.200001
2013-06-03,1.0345,33.16
2013-05-31,1.0336,32.610001000000004
2013-05-30,1.0299,33.25
2013-05-29,1.0397,33.099998
2013-05-28,1.0387,33.790001000000004
2013-05-24,1.0324,33.369999
2013-05-23,1.0342,33.540001000000004
2013-05-22,1.0333,33.459999
2013-05-21,1.03,34.110001000000004
2013-05-20,1.0279,34.439999
2013-05-17,1.0275,34.209999
2013-05-16,1.0158,33.869999
2013-05-15,1.0177,33.610001000000004
2013-05-14,1.016,33.560001
2013-05-13,1.0106,33.860001000000004
2013-05-10,1.0118,34.139999
2013-05-09,1.0023,34.169998
2013-05-08,1.0029,34.400002
2013-05-07,1.0048,34.009998
2013-05-03,1.0084,34.009998
2013-05-02,1.0085,33.490002000000004
2013-05-01,1.0082,32.389999
2013-04-30,1.0057,33.16
2013-04-29,1.014,33.610001000000004
2013-04-26,1.0172,33.119999
2013-04-25,1.0198,33.25
2013-04-24,1.0273,32.66
2013-04-23,1.0261,31.860001
2013-04-22,1.0269,31.82
2013-04-19,1.0261,31.389999
2013-04-18,1.0249,31.639999
2013-04-17,1.0282,31.01
2013-04-16,1.0237,31.76
2013-04-15,1.0214,31.49
2013-04-12,1.0135,32.529999
2013-04-11,1.0111,33.459999
2013-04-10,1.0147,33.830002
2013-04-09,1.016,33.639999
2013-04-08,1.0195,33.490002000000004
2013-04-05,1.0201,33.279999
2013-04-04,1.0148,33.389999
2013-04-03,1.013,33.759998
2013-04-02,1.0153,34.650002
2013-03-28,1.0161,34.75
2013-03-27,1.017,34.549999
2013-03-26,1.0167,34.450001
2013-03-25,1.0218,33.849998
2013-03-22,1.0225,33.610001000000004
2013-03-21,1.024,33.049999
2013-03-20,1.0269,33.450001
2013-03-19,1.0273,33.07
2013-03-18,1.0218,33.650002
2013-03-15,1.019,33.599998
2013-03-14,1.0261,33.419998
2013-03-13,1.0274,33.189999
2013-03-12,1.0255,33.259998
2013-03-11,1.0269,33.040001000000004
2013-03-08,1.0268,33.049999
2013-03-07,1.03,32.939999
2013-03-06,1.0309,32.540001000000004
2013-03-05,1.0288,32.689999
2013-03-04,1.0294,32.400002
2013-03-01,1.028,32.740002000000004
2013-02-28,1.0278,33.060001
2013-02-27,1.0267,33.400002
2013-02-26,1.0286,33.330002
2013-02-25,1.026,33.209999
2013-02-22,1.0239,33.599998
2013-02-21,1.0189,33.43
2013-02-20,1.0147,34.169998
2013-02-19,1.0119,34.959999
2013-02-15,1.0056,34.720001
2013-02-14,1.001,35.27
2013-02-13,1.0025,35.189999
2013-02-12,1.0026,35.279999
2013-02-11,1.0068,35.119999
2013-02-08,1.0021,34.700001
2013-02-07,0.9979,34.68
2013-02-06,0.9968,35.040001000000004
2013-02-05,0.9982,35.029999
2013-02-04,0.9991,34.779999
2013-02-01,0.9991,35.349998
2013-01-31,0.9988,35.279999
2013-01-30,1.0029,35.49000200000001
2013-01-29,1.0042,35.29000100000001
2013-01-28,1.0092,34.939999
2013-01-25,1.0087,34.779999
2013-01-24,1.0032,34.759998
2013-01-23,0.9986,34.610001000000004
2013-01-22,0.9935,35.009998
2013-01-18,0.9938,34.77
2013-01-17,0.9854,34.669998
2013-01-16,0.9858,34.279999
2013-01-15,0.9837,33.990002000000004
2013-01-14,0.9857,34.279999
2013-01-11,0.9837,34.060001
2013-01-10,0.9866,34.169998
2013-01-09,0.9874,33.880001
2013-01-08,0.9871,33.959999
2013-01-07,0.9859,33.919998
2013-01-04,0.9857,33.880001
2013-01-03,0.9851,33.740002000000004
2013-01-02,0.9837,33.82
2012-12-31,0.9948,33.369999
2012-12-28,0.9956,33.040001000000004
2012-12-27,0.9936,33.189999
2012-12-24,0.9927,32.240002000000004
2012-12-21,0.9947,32.360001000000004
2012-12-20,0.9887,32.73
2012-12-19,0.9869,32.669998
2012-12-18,0.9846,32.18
2012-12-17,0.9844,32.009998
2012-12-14,0.9866,31.809999
2012-12-13,0.9841,31.58
2012-12-12,0.9852,31.780001
2012-12-11,0.9868,31.469999
2012-12-10,0.9872,31.389999
2012-12-07,0.9887,31.530001
2012-12-06,0.9895,31.66
2012-12-05,0.9929,32.220001
2012-12-04,0.9927,32.400002
2012-12-03,0.9938,32.599998
2012-11-30,0.9934,32.560001
2012-11-29,0.9917,32.169998
2012-11-28,0.9936,31.790001
2012-11-27,0.9943,31.98
2012-11-26,0.9951,32.189999
2012-11-23,0.9928,32.32
2012-11-21,0.9977,32.119999
2012-11-20,0.9979,31.950001
2012-11-19,0.9956,32.669998
2012-11-16,1.0034,31.93
2012-11-15,1.0027,31.49
2012-11-14,1.0032,31.77
2012-11-13,1.0013,31.41
2012-11-12,1.0004,31.59
2012-11-09,1.0017,31.73
2012-11-08,0.9979,31.299999
2012-11-07,0.9959,31.209999
2012-11-06,0.9948,32.560001
2012-11-05,0.9966,31.610001
2012-11-02,0.9963,31.35
2012-11-01,0.9974,32.060001
2012-10-31,0.9995,31.780001
2012-10-26,0.9976,31.790001
2012-10-25,0.9938,31.780001
2012-10-24,0.9916,31.629999
2012-10-23,0.9926,31.969999
2012-10-22,0.9933,32.900002
2012-10-19,0.991,33.34
2012-10-18,0.9823,34.07
2012-10-17,0.9818,34.099998
2012-10-16,0.9861,34.130001
2012-10-15,0.9805,34.0
2012-10-12,0.9787,34.0
2012-10-11,0.977,34.290001000000004
2012-10-10,0.9787,33.84
2012-10-09,0.9783,34.18
2012-10-08,0.9761,33.220001
2012-10-05,0.9756,33.349998
2012-10-04,0.9816,33.939999
2012-10-03,0.988,32.610001000000004
2012-10-02,0.9832,34.02
2012-10-01,0.9802,34.25
2012-09-28,0.9838,34.119999
2012-09-27,0.984,34.150002
2012-09-26,0.9855,33.34
2012-09-25,0.9769,33.75
2012-09-24,0.9795,34.09
2012-09-21,0.9763,34.490002000000004
2012-09-20,0.9777,34.509998
2012-09-19,0.9761,34.119999
2012-09-18,0.9743,35.57
2012-09-17,0.9719,35.75
2012-09-14,0.9687,36.84
2012-09-13,0.9751,36.509998
2012-09-12,0.9759,36.040001
2012-09-11,0.9727,36.110001
2012-09-10,0.9757,35.849998
2012-09-07,0.9771,35.880001
2012-09-06,0.9819,35.23
2012-09-05,0.9917,35.57
2012-09-04,0.9865,35.509998
2012-08-31,0.9868,35.889999
2012-08-30,0.9923,35.259998
2012-08-29,0.9885,35.380001
2012-08-28,0.9855,35.79000100000001
2012-08-24,0.9924,35.68
2012-08-23,0.9916,35.759998
2012-08-22,0.993,36.220001
2012-08-21,0.9855,35.98
2012-08-20,0.9894,35.830002
2012-08-17,0.9882,35.950001
2012-08-16,0.9883,35.560001
2012-08-15,0.9897,35.189999
2012-08-14,0.9919,34.919998
2012-08-13,0.9932,34.66
2012-08-10,0.991,34.849998
2012-08-09,0.9917,34.93
2012-08-08,0.995,34.869999
2012-08-07,0.9967,34.91
2012-08-06,0.9995,34.419998
2012-08-03,0.9997,34.07
2012-08-02,1.0041,32.599998
2012-08-01,1.001,33.169998
2012-07-31,1.0021,32.68
2012-07-30,1.0027,33.450001
2012-07-27,1.0058,33.669998
2012-07-26,1.0097,33.41
2012-07-25,1.0195,33.209999
2012-07-24,1.0198,33.150002
2012-07-23,1.0176,33.0
2012-07-20,1.0102,34.200001
2012-07-19,1.0073,34.639999
2012-07-18,1.0109,33.689999
2012-07-17,1.0166,33.380001
2012-07-16,1.0159,33.119999
2012-07-13,1.014,32.68
2012-07-12,1.0248,32.200001
2012-07-11,1.0206,32.330002
2012-07-10,1.0209,31.52
2012-07-09,1.0199,32.169998
2012-07-06,1.0188,31.59
2012-07-05,1.0139,32.619999
2012-07-03,1.0132,32.939999
2012-07-02,1.019,31.43
2012-06-29,1.0195,31.83
2012-06-28,1.0339,29.5
2012-06-27,1.0261,30.200001
2012-06-26,1.0283,29.809999
2012-06-25,1.0304,29.799999
2012-06-22,1.0272,30.1
2012-06-21,1.0231,29.459999
2012-06-20,1.0202,30.49
2012-06-19,1.018,31.68
2012-06-18,1.0254,31.32
2012-06-15,1.0236,31.629999
2012-06-14,1.0252,31.73
2012-06-13,1.025,31.1
2012-06-12,1.0293,31.42
2012-06-11,1.0289,30.700001
2012-06-08,1.0314,31.799999
2012-06-07,1.0242,31.719999
2012-06-06,1.0333,32.150002
2012-06-01,1.041,31.43
2012-05-31,1.036,32.610001000000004
2012-05-30,1.0297,33.02
2012-05-29,1.0222,34.23
2012-05-25,1.0289,34.220001
2012-05-24,1.0262,34.259998
2012-05-23,1.0283,34.09
2012-05-22,1.0172,34.48
2012-05-21,1.0218,35.150002
2012-05-18,1.0179,34.43
2012-05-17,1.0163,35.040001000000004
2012-05-16,1.0088,35.049999
2012-05-15,1.0038,35.279999
2012-05-14,1.0024,35.61000100000001
2012-05-11,0.9968,36.259998
2012-05-10,1.0022,36.610001
2012-05-09,1.0044,36.52
2012-05-08,1.0012,36.869999
2012-05-04,0.9943,37.290001
2012-05-03,0.9867,38.830002
2012-05-02,0.9891,39.889999
2012-05-01,0.9843,40.150002
2012-04-30,0.9882,39.68
2012-04-27,0.981,39.619999
2012-04-26,0.9841,39.529999
2012-04-25,0.9853,39.41
2012-04-24,0.9885,39.169998
2012-04-23,0.995,39.029999
2012-04-20,0.9909,39.389999
2012-04-19,0.9931,38.959999
2012-04-18,0.9889,39.049999
2012-04-17,0.9876,39.639999
2012-04-16,1.0016,39.18
2012-04-13,0.9975,39.150002
2012-04-12,0.9966,39.439999
2012-04-11,1.002,39.009998
2012-04-10,1.0027,38.509998
2012-04-05,0.9915,39.259998
2012-04-04,0.9971,38.84
2012-04-03,0.9896,39.66
2012-04-02,0.9934,40.029999
2012-03-30,0.9995,39.23
2012-03-29,0.9992,39.290001
2012-03-28,0.9965,40.189999
2012-03-27,0.9925,40.709999
2012-03-26,0.9915,40.77
2012-03-23,0.9984,40.689999
2012-03-22,1.0003,40.139999
2012-03-21,0.9931,40.66
2012-03-20,0.9934,40.43
2012-03-19,0.988,41.290001
2012-03-16,0.9913,41.029999
2012-03-15,0.9929,40.279999
2012-03-14,0.9915,40.41
2012-03-13,0.9906,40.830002
2012-03-12,0.9935,40.700001
2012-03-09,0.9889,41.09
2012-03-08,0.9934,40.82
2012-03-07,1.0023,40.610001
2012-03-06,1.0017,40.130001
2012-03-05,0.9937,40.970001
2012-03-02,0.9878,40.77
2012-03-01,0.9861,41.75
2012-02-29,0.9846,40.919998
2012-02-28,0.9958,40.790001
2012-02-27,1.0002,41.18
2012-02-24,0.9987,42.009998
2012-02-23,0.9973,41.369999
2012-02-22,0.9996,40.59
2012-02-21,0.9957,40.580002
2012-02-17,0.9969,39.75
2012-02-16,1.0003,39.279999
2012-02-15,0.9976,39.18
2012-02-14,1.0007,38.84
2012-02-13,0.9998,38.689999
2012-02-10,1.0013,38.02
2012-02-09,0.994,38.330002
2012-02-08,0.9953,38.040001
2012-02-07,0.9949,37.950001
2012-02-06,0.9957,37.330002
2012-02-03,0.9953,37.59
2012-02-02,0.9978,37.130001
2012-02-01,0.9974,37.380001
2012-01-31,1.0026,37.82
2012-01-30,1.0046,38.009998
2012-01-27,1.0015,38.299999
2012-01-26,0.9997,38.369999
2012-01-25,1.0121,38.349998
2012-01-24,1.0108,38.099998
2012-01-23,1.0066,38.389999
2012-01-20,1.014,37.779999
2012-01-19,1.0091,38.689999
2012-01-18,1.0139,38.830002
2012-01-17,1.0143,38.790001
2012-01-13,1.0245,38.16
2012-01-12,1.0207,38.060001
2012-01-11,1.0209,38.919998
2012-01-10,1.0187,39.34
2012-01-09,1.0265,39.080002
2012-01-06,1.0241,39.220001
2012-01-05,1.0212,39.169998
2012-01-04,1.0145,39.77
2012-01-03,1.0091,39.689999
2011-12-30,1.0201,38.110001
2011-12-29,1.0217,38.41
2011-12-28,1.022,38.34
2011-12-23,1.0203,38.490002
2011-12-22,1.022,38.279999
2011-12-21,1.0284,38.110001
2011-12-20,1.0281,37.560001
2011-12-19,1.0363,36.200001
2011-12-16,1.036,36.27
2011-12-15,1.0361,36.130001
2011-12-14,1.0418,36.66
2011-12-13,1.0295,38.610001
2011-12-12,1.0245,37.880001
2011-12-09,1.0221,38.5
2011-12-08,1.0165,37.779999
2011-12-07,1.0116,38.810001
2011-12-06,1.0133,39.0
2011-12-05,1.0131,39.009998
2011-12-02,1.0154,39.029999
2011-12-01,1.0173,38.610001
2011-11-30,1.0169,38.779999
2011-11-29,1.0291,38.549999
2011-11-28,1.0314,37.849998
2011-11-25,1.0471,37.16
2011-11-23,1.0468,37.16
2011-11-22,1.0375,37.82
2011-11-21,1.0406,37.59
2011-11-18,1.0245,37.82
2011-11-17,1.0227,38.23
2011-11-16,1.0218,39.34
2011-11-15,1.0229,38.43
2011-11-14,1.0166,37.860001
2011-11-11,1.0127,38.209999
2011-11-10,1.0216,37.720001
2011-11-09,1.0187,37.0
2011-11-08,1.0136,37.43
2011-11-07,1.017,37.09
2011-11-04,1.018,36.459999
2011-11-03,1.0129,36.32
2011-11-02,1.0125,35.669998
2011-11-01,1.0201,35.200001
2011-10-31,0.9933,35.74000200000001
2011-10-28,0.9927,36.029999
2011-10-27,0.9946,36.209999
2011-10-26,1.0143,35.060001
2011-10-25,1.0164,35.799999
2011-10-24,1.0046,35.380001
2011-10-21,1.0084,33.849998
2011-10-20,1.0207,33.330002
2011-10-19,1.0113,33.310001
2011-10-18,1.0185,34.150002
2011-10-17,1.0175,33.43
2011-10-14,1.0131,33.869999
2011-10-13,1.0268,32.650002
2011-10-12,1.0166,32.919998
2011-10-11,1.031,33.009998
2011-10-10,1.0264,33.240002000000004
2011-10-07,1.031,32.040001000000004
2011-10-06,1.0447,31.98
2011-10-05,1.0484,30.84
2011-10-04,1.0624,29.91
2011-10-03,1.0489,29.74
2011-09-30,1.0421,30.49
2011-09-29,1.0318,31.969999
2011-09-28,1.0225,31.25
2011-09-27,1.0172,32.369999
2011-09-26,1.036,31.469999
2011-09-23,1.0266,31.09
2011-09-22,1.0286,31.129999
2011-09-21,0.9989,32.919998
2011-09-20,0.9921,33.43
2011-09-19,0.9915,33.290001000000004
2011-09-16,0.9835,34.139999
2011-09-15,0.9875,34.599998
2011-09-14,0.9934,34.34
2011-09-13,0.9915,34.849998
2011-09-12,0.9975,34.419998
2011-09-09,0.9954,33.849998
2011-09-08,0.9842,34.459999
2011-09-07,0.9889,34.689999
2011-09-06,0.9911,33.59
2011-09-02,0.9801,33.639999
2011-09-01,0.9758,34.470001
2011-08-31,0.978,34.509998
2011-08-30,0.9806,34.439999
2011-08-26,0.9885,33.150002
2011-08-25,0.9853,32.970001
2011-08-24,0.9882,33.080002
2011-08-23,0.9906,33.419998
2011-08-22,0.988,32.720001
2011-08-19,0.9849,32.119999
2011-08-18,0.9919,31.719999
2011-08-17,0.9795,34.009998
2011-08-16,0.9816,33.830002
2011-08-15,0.984,34.220001
2011-08-12,0.9908,33.23
2011-08-11,0.991,33.299999
2011-08-10,0.9893,31.780001
2011-08-09,0.9927,31.620001
2011-08-08,0.9904,31.51
2011-08-05,0.9824,33.950001
2011-08-04,0.9751,33.73
2011-08-03,0.9646,35.86000100000001
2011-08-02,0.9597,36.400002
2011-08-01,0.9602,37.200001
2011-07-29,0.9541,37.419998
2011-07-28,0.9489,37.91
2011-07-27,0.9481,37.970001
2011-07-26,0.9435,38.810001
2011-07-25,0.9459,38.68
2011-07-22,0.9503,38.93
2011-07-21,0.9445,38.720001
2011-07-20,0.9467,38.400002
2011-07-19,0.9501,38.25
2011-07-18,0.9617,37.59
2011-07-15,0.9567,38.130001
2011-07-14,0.958,37.549999
2011-07-13,0.9579,38.349998
2011-07-12,0.9691,37.93
2011-07-11,0.969,37.290001
2011-07-08,0.9643,37.799999
2011-07-07,0.9575,38.610001
2011-07-06,0.9661,37.889999
2011-07-05,0.962,37.959999
2011-07-01,0.9624,37.150002
2011-06-30,0.9651,37.240002
2011-06-29,0.9705,37.23
2011-06-28,0.9845,36.419998
2011-06-27,0.9867,35.639999
2011-06-24,0.9841,35.810001
2011-06-23,0.9798,36.009998
2011-06-22,0.9723,37.099998
2011-06-21,0.9726,36.790001
2011-06-20,0.9804,36.720001
2011-06-17,0.9795,36.630001
2011-06-16,0.9843,37.419998
2011-06-15,0.971,37.580002
2011-06-14,0.9681,39.099998
2011-06-13,0.9773,38.259998
2011-06-10,0.9773,39.07
2011-06-09,0.9763,40.139999
2011-06-08,0.979,39.849998
2011-06-07,0.9748,39.049999
2011-06-06,0.9802,39.0
2011-06-03,0.9796,39.66
2011-06-02,0.9791,39.68
2011-06-01,0.9723,39.52
2011-05-31,0.9687,40.5
2011-05-27,0.9771,39.709999
2011-05-26,0.9809,39.599998
2011-05-25,0.977,39.93
2011-05-24,0.9779,39.279999
2011-05-23,0.9797,38.470001
2011-05-20,0.9742,39.470001
2011-05-19,0.9704,39.07
2011-05-18,0.9734,39.5
2011-05-17,0.9762,38.549999
2011-05-16,0.9711,38.509998
2011-05-13,0.9681,39.439999
2011-05-12,0.9686,39.279999
2011-05-11,0.9566,39.349998
2011-05-10,0.9614,41.080002
2011-05-09,0.9677,40.869999
2011-05-06,0.9609,38.869999
2011-05-05,0.9666,39.32
2011-05-04,0.9576,43.259998
2011-05-03,0.9517,44.080002
2011-04-28,0.9496,44.830002
2011-04-27,0.957,45.02
2011-04-26,0.9515,44.48
2011-04-21,0.951,44.57
2011-04-20,0.9535,44.220001
2011-04-19,0.9575,42.950001
2011-04-18,0.9713,42.880001
2011-04-15,0.9618,43.709999
2011-04-14,0.9624,43.279999
2011-04-13,0.9622,42.75
2011-04-12,0.9644,42.299999
2011-04-11,0.9548,43.639999
2011-04-08,0.9565,45.150002
2011-04-07,0.9591,43.990002
2011-04-06,0.9579,43.369999
2011-04-05,0.965,43.099998
2011-04-04,0.9673,43.259998
2011-04-01,0.9644,43.169998
2011-03-31,0.9727,42.599998
2011-03-30,0.9712,41.66
2011-03-29,0.9765,41.830002
2011-03-28,0.975,41.419998
2011-03-25,0.978,42.18
2011-03-24,0.9749,42.049999
2011-03-23,0.9821,42.110001
2011-03-22,0.977,41.93
2011-03-21,0.9773,41.130001
2011-03-18,0.9846,40.970001
2011-03-17,0.9887,40.689999
2011-03-16,0.9922,39.68
2011-03-15,0.9832,39.389999
2011-03-14,0.9758,40.91
2011-03-11,0.9766,40.689999
2011-03-10,0.975,41.400002
2011-03-09,0.9699,42.049999
2011-03-08,0.9727,42.310001
2011-03-07,0.9711,42.369999
2011-03-04,0.9712,42.330002
2011-03-03,0.9741,41.18
2011-03-02,0.9727,41.389999
2011-03-01,0.9737,40.48
2011-02-28,0.9747,39.189999
2011-02-25,0.9794,39.68
2011-02-24,0.9834,38.970001
2011-02-23,0.9924,39.799999
2011-02-22,0.9849,38.490002
2011-02-18,0.9827,36.360001
2011-02-17,0.9834,36.060001
2011-02-16,0.9864,35.529999
2011-02-15,0.9878,35.389999
2011-02-14,0.9883,35.880001
2011-02-11,0.9892,36.049999
2011-02-10,0.9957,36.540001
2011-02-09,0.9939,36.5
2011-02-08,0.9912,36.639999
2011-02-07,0.9872,36.66
2011-02-04,0.9899,37.34
2011-02-03,0.9905,38.09
2011-02-02,0.9882,38.18
2011-02-01,0.9924,38.07
2011-01-31,1.0007,38.610001
2011-01-28,0.9985,37.580002
2011-01-27,0.9942,35.939999
2011-01-26,0.9954,36.849998
2011-01-25,0.997,36.27
2011-01-24,0.9937,36.93
2011-01-21,0.993,37.509998
2011-01-20,1.0022,37.57
2011-01-19,0.9935,38.540001
2011-01-18,0.9922,38.73
2011-01-14,0.9912,38.919998
2011-01-13,0.9884,38.650002
2011-01-12,0.9856,38.990002
2011-01-11,0.9917,38.880001
2011-01-10,0.9951,38.169998
2011-01-07,0.9909,37.669998
2011-01-06,0.9973,37.68
2011-01-05,0.9958,38.52
2011-01-04,0.9988,38.080002
2010-12-31,0.9938,39.0
2010-12-30,0.9997,38.119999
2010-12-29,0.9997,38.82
2010-12-23,1.0107,38.98
2010-12-22,1.0154,38.639999
2010-12-21,1.0176,38.290001
2010-12-20,1.0201,38.049999
2010-12-17,1.0111,37.810001
2010-12-16,1.0064,37.77
2010-12-15,1.0035,37.990002
2010-12-14,1.0066,37.900002
2010-12-13,1.0039,37.889999
2010-12-10,1.0099,37.66
2010-12-09,1.0106,37.939999
2010-12-08,1.0115,37.959999
2010-12-07,1.0069,37.799999
2010-12-06,1.0058,38.220001
2010-12-03,1.003,38.310001
2010-12-02,1.0048,37.77
2010-12-01,1.0198,37.200001
2010-11-30,1.0272,36.040001
2010-11-29,1.0241,36.779999
2010-11-26,1.0196,35.970001
2010-11-24,1.0104,36.080002
2010-11-23,1.0211,34.950001
2010-11-22,1.0189,35.049999
2010-11-19,1.021,35.220001
2010-11-18,1.019,35.5
2010-11-17,1.0205,34.73
2010-11-16,1.0233,35.450001
2010-11-15,1.0078,36.5
2010-11-12,1.0098,36.470001
2010-11-11,1.0049,37.84
2010-11-10,1.0048,38.040001
2010-11-09,0.9986,37.049999
2010-11-08,1.0039,37.529999
2010-11-05,1.0013,37.650002
2010-11-04,1.0023,37.490002
2010-11-03,1.009,36.740002
2010-11-02,1.0099,36.27
2010-11-01,1.0134,35.810001
2010-10-29,1.0175,35.169998
2010-10-28,1.024,35.389999
2010-10-27,1.0323,35.419998
2010-10-26,1.0216,35.68
2010-10-25,1.0185,35.57
2010-10-22,1.0251,35.49000200000001
2010-10-21,1.0204,34.849998
2010-10-20,1.0245,35.59
2010-10-19,1.032,34.619999
2010-10-18,1.0139,36.279999
2010-10-15,1.0105,35.470001
2010-10-14,1.0031,36.0
2010-10-13,1.0022,36.16
2010-10-12,1.0112,35.650002
2010-10-11,1.0138,35.599998
2010-10-08,1.0168,36.150002
2010-10-07,1.0146,35.459999
2010-10-06,1.0102,36.279999
2010-10-05,1.0165,36.09
2010-10-04,1.0221,35.59
2010-10-01,1.0236,35.630001
2010-09-30,1.0259,34.84
2010-09-29,1.032,33.939999
2010-09-28,1.0322,33.189999
2010-09-27,1.0267,33.240002000000004
2010-09-24,1.0268,33.400002
2010-09-23,1.0351,32.669998
2010-09-22,1.0282,32.580002
2010-09-21,1.0301,32.650002
2010-09-20,1.0288,33.220001
2010-09-17,1.033,32.650002
2010-09-16,1.0264,32.98
2010-09-15,1.0259,33.490002000000004
2010-09-14,1.0243,33.889999
2010-09-13,1.0271,34.029999
2010-09-10,1.0326,33.77
2010-09-09,1.0314,32.889999
2010-09-08,1.0369,33.139999
2010-09-07,1.0444,32.77
2010-09-03,1.0436,33.09
2010-09-02,1.052,33.389999
2010-09-01,1.0502,32.950001
2010-08-31,1.0664,31.92
2010-08-27,1.0608,33.57
2010-08-26,1.0535,32.619999
2010-08-25,1.0651,32.369999
2010-08-24,1.0582,31.77
2010-08-23,1.0508,32.43
2010-08-20,1.0505,32.950001
2010-08-19,1.0373,33.25
2010-08-18,1.0319,33.68
2010-08-17,1.0334,33.869999
2010-08-16,1.0446,33.610001000000004
2010-08-13,1.0381,33.790001000000004
2010-08-12,1.0467,33.919998
2010-08-11,1.0454,34.740002000000004
2010-08-10,1.0375,35.869999
2010-08-09,1.0269,36.529999
2010-08-06,1.0271,36.200001
2010-08-05,1.0162,36.709999
2010-08-04,1.0205,36.900002
2010-08-03,1.0241,36.91
2010-08-02,1.0218,36.48
2010-07-30,1.0301,35.34
2010-07-29,1.0335,35.060001
2010-07-28,1.0369,34.360001000000004
2010-07-27,1.0339,34.669998
2010-07-26,1.0317,35.349998
2010-07-23,1.0394,35.389999
2010-07-22,1.0391,35.419998
2010-07-21,1.0423,34.200001
2010-07-20,1.0563,34.82
2010-07-19,1.0553,34.459999
2010-07-16,1.053,34.16
2010-07-15,1.0415,34.580002
2010-07-14,1.0324,34.66
2010-07-13,1.0313,34.740002000000004
2010-07-12,1.036,33.779999
2010-07-09,1.0317,34.34
2010-07-08,1.0414,34.23
2010-07-07,1.0518,33.650002
2010-07-06,1.0498,32.610001000000004
2010-07-02,1.0643,32.599998
2010-07-01,1.0638,32.869999
2010-06-30,1.0627,33.959999
2010-06-29,1.0508,34.169998
2010-06-28,1.034,35.209999
2010-06-25,1.0412,35.66
2010-06-24,1.0453,34.389999
2010-06-23,1.0444,34.240002000000004
2010-06-22,1.0208,35.0
2010-06-21,1.0189,35.330002
2010-06-18,1.0247,35.41
2010-06-17,1.0316,35.139999
2010-06-16,1.025,35.49000200000001
2010-06-15,1.0288,35.23
2010-06-14,1.023,34.330002
2010-06-11,1.0358,34.23
2010-06-10,1.0324,34.77
2010-06-09,1.0381,33.950001
2010-06-08,1.0563,33.189999
2010-06-07,1.0583,32.59
2010-06-04,1.0502,32.68
2010-06-03,1.0413,34.259998
2010-06-02,1.0452,33.790001000000004
2010-06-01,1.046,33.18
2010-05-28,1.0515,34.040001000000004
2010-05-27,1.0546,34.310001
2010-05-26,1.063,32.59
2010-05-25,1.0811,31.85
2010-05-24,1.0603,32.169998
2010-05-21,1.0625,32.27
2010-05-20,1.0699,32.200001
2010-05-19,1.0486,33.509998
2010-05-18,1.0312,33.470001
2010-05-17,1.0336,33.880001
2010-05-14,1.032,34.810001
2010-05-13,1.0178,36.130001
2010-05-12,1.0163,36.77
2010-05-11,1.0229,36.759998
2010-05-10,1.0285,37.23
2010-05-07,1.0499,36.310001
2010-05-06,1.0364,36.959999
2010-05-05,1.0275,38.310001
2010-05-04,1.0239,39.700001
2010-04-30,1.0129,41.330002
2010-04-29,1.0043,41.040001
2010-04-28,1.0115,39.970001
2010-04-27,1.0058,39.369999
2010-04-26,1.0007,40.349998
2010-04-23,1.0029,40.950001
2010-04-22,0.9993,40.299999
2010-04-21,0.998,40.27
2010-04-20,0.9999,40.299999
2010-04-19,1.0162,40.110001
2010-04-16,1.0128,40.599998
2010-04-15,0.9988,41.709999
2010-04-14,0.9976,41.759998
2010-04-13,1.0063,40.889999
2010-04-12,1.0017,40.93
2010-04-09,1.0049,41.169998
2010-04-08,1.006,41.439999
2010-04-07,1.0022,41.52
2010-04-06,0.9991,42.02
2010-04-01,1.009,41.240002
2010-03-31,1.0145,40.290001
2010-03-30,1.0192,39.950001
2010-03-29,1.019,39.959999
2010-03-26,1.0284,38.830002
2010-03-25,1.0188,38.900002
2010-03-24,1.0268,38.939999
2010-03-23,1.0177,39.700001
2010-03-22,1.0193,39.560001
2010-03-19,1.0154,39.200001
2010-03-18,1.0139,39.919998
2010-03-17,1.0111,40.23
2010-03-16,1.0148,39.790001
2010-03-15,1.0217,38.830002
2010-03-12,1.0164,39.509998
2010-03-11,1.0288,40.049999
2010-03-10,1.0224,39.900002
2010-03-09,1.0264,39.549999
2010-03-08,1.0272,39.790001
2010-03-05,1.0268,39.849998
2010-03-04,1.0315,39.150002
2010-03-03,1.0289,39.400002
2010-03-02,1.0326,38.799999
2010-03-01,1.0465,38.349998
2010-02-26,1.057,38.82
2010-02-25,1.0659,38.110001
2010-02-24,1.053,38.990002
2010-02-23,1.0497,38.330002
2010-02-22,1.043,39.029999
2010-02-19,1.0463,39.09
2010-02-18,1.0411,38.73
2010-02-17,1.0462,37.970001
2010-02-16,1.0429,37.790001
2010-02-12,1.0554,36.310001
2010-02-11,1.0595,36.779999
2010-02-10,1.0681,36.509998
2010-02-09,1.0728,36.209999
2010-02-08,1.0685,35.09
2010-02-05,1.0682,35.209999
2010-02-04,1.0701,35.799999
2010-02-03,1.0612,37.650002
2010-02-02,1.0599,37.529999
2010-02-01,1.0661,36.720001
2010-01-29,1.0656,35.639999
2010-01-28,1.0617,36.16
2010-01-27,1.0665,36.080002
2010-01-26,1.0629,36.5
2010-01-25,1.0595,36.810001
2010-01-22,1.0536,36.34
2010-01-21,1.0484,37.240002
2010-01-20,1.0473,37.889999
2010-01-19,1.0318,38.93
2010-01-15,1.0283,38.400002
2010-01-14,1.0269,39.060001
2010-01-13,1.035,39.209999
2010-01-12,1.0354,39.630001
2010-01-11,1.0298,40.540001
2010-01-08,1.0342,40.93
2010-01-07,1.035,40.720001
2010-01-06,1.0345,40.970001
2010-01-05,1.0367,40.41
2010-01-04,1.0356,40.27
